Source;Target;Label;Weight
7;1;23;3
15;1;3L;2.5
16;1;1;5
23;1;3;1
25;1;3;1
26;1;2;2
27;1;1;5
32;1;L;0.5
40;1;12;7
41;1;C;5
47;1;2;2
49;1;L;1.5
54;1;2;2
57;1;2L;2.5
62;1;1;5
64;1;L;0.5
65;1;L;1
71;1;3L;1.5
72;1;1;5
84;1;C;5
86;1;2;2
87;1;L;0.5
90;1;2L;2.5
97;1;L;0.5
98;1;2;2
99;1;2L;2.5
103;1;3;1
105;1;L;1
110;1;3;1
111;1;L;1
112;1;1;5
115;1;CL;5.5
120;1;3;1
121;1;3;1
128;1;12;7
11;3;L;0.5
17;3;2;2
28;3;L;0.5
30;3;C;5
35;3;1;5
41;3;2;2
47;3;1;5
52;3;12;7
55;3;2;2
57;3;2;2
58;3;1;5
60;3;1;5
61;3;C;5
63;3;2;2
64;3;C;5
65;3;1;10
66;3;C;5
67;3;L;0.5
72;3;L;0.5
73;3;2;2
76;3;12;7
79;3;C;5
83;3;2;2
89;3;C1;10
90;3;1;5
91;3;L;0.5
98;3;1;5
105;3;L;0.5
110;3;2;2
113;3;1;5
120;3;L;0.5
7;4;12;7
11;4;1;5
12;4;1;5
20;4;2;2
27;4;1;5
39;4;1;5
44;4;2;2
49;4;2L;2.5
54;4;1;5
55;4;L;0.5
59;4;1;10
61;4;1;5
64;4;1;5
71;4;1L;5.5
72;4;1;5
78;4;1L;5.5
81;4;3;1
82;4;1;5
83;4;L;0.5
89;4;2;2
90;4;1;5
102;4;1;5
104;4;12;7
105;4;2;2
111;4;2;2
113;4;1;5
115;4;1;5
118;4;2;2
120;4;2;2
121;4;2;2
124;4;1;5
127;4;2;2
128;4;1;5
15;5;2;2
22;5;2;2
25;5;12;7
30;5;1;5
32;5;2;2
40;5;3;1
41;5;2;2
44;5;1;5
47;5;2;2
55;5;3;1
71;5;2;2
73;5;123;8
83;5;L;0.5
86;5;1;15
89;5;12;7
98;5;1;5
103;5;L;0.5
104;5;1;5
107;5;2;2
110;5;1L;5.5
111;5;C2L;7.5
113;5;1;5
125;5;C;5
127;5;2;2
1;7;23;3
4;7;12;7
11;7;2;4
17;7;2;2
24;7;C;5
27;7;C2;7
32;7;3;1
33;7;2L;2.5
40;7;2;2
43;7;L;0.5
44;7;2;2
49;7;L;0.5
50;7;C1;10
57;7;1;5
62;7;1;5
64;7;1L;5.5
71;7;12L;12.5
77;7;1;5
79;7;3;1
85;7;1;5
87;7;1;5
89;7;2;2
101;7;2;2
103;7;C2;7
105;7;2;4
108;7;1;5
109;7;1;5
112;7;3;1
120;7;1;5
124;7;1;5
127;7;2;2
21;8;C;5
31;8;C;5
39;8;C;5
40;8;C;5
47;8;1;5
67;8;C;5
80;8;C;5
11;9;C;5
14;9;2;2
15;9;C12;12
17;9;C2;7
22;9;1;5
26;9;2;4
30;9;1;5
35;9;1;5
52;9;C;5
66;9;1;5
68;9;C;5
73;9;1;5
76;9;1;5
80;9;2;2
89;9;1;5
97;9;L;0.5
99;9;C;5
101;9;1;5
106;9;C;5
110;9;2;2
112;9;C;5
113;9;C;5
119;9;C;5
120;9;1;10
14;10;1;5
15;10;1;5
16;10;2;2
17;10;L;0.5
23;10;1L;5.5
25;10;2;4
26;10;L;0.5
27;10;2;2
28;10;L;0.5
33;10;3;1
34;10;C;5
35;10;12;7
41;10;1;5
42;10;3;1
43;10;2;2
47;10;L;0.5
58;10;2;2
64;10;1;5
72;10;C;5
79;10;3L;1.5
83;10;1;5
85;10;1;5
89;10;2;2
90;10;C;5
95;10;L;1
101;10;2;2
104;10;2;4
109;10;12;7
110;10;2;2
113;10;L;0.5
118;10;C;5
122;10;C;5
127;10;L;0.5
3;11;L;0.5
4;11;1;5
7;11;2;4
9;11;C;5
13;11;L;0.5
15;11;CL;5.5
17;11;C;5
21;11;1;5
22;11;1;5
30;11;1;10
31;11;1;5
32;11;2;4
33;11;1;5
35;11;3;1
39;11;1;5
41;11;L;0.5
47;11;3;1
48;11;L;0.5
52;11;C;5
55;11;L;0.5
59;11;2;2
61;11;1;10
62;11;1;5
63;11;1;10
64;11;L;0.5
68;11;C1;10
72;11;1;5
79;11;L;0.5
83;11;2;2
86;11;2;2
93;11;1;5
95;11;1;5
97;11;3;1
99;11;C;5
101;11;2;2
102;11;2;2
103;11;1;5
104;11;3;1
106;11;CL;5.5
107;11;1;5
110;11;1;5
112;11;C;5
113;11;C;5
119;11;C;5
120;11;2;2
128;11;1;5
4;12;1;5
24;12;1;5
32;12;2;2
33;12;2;2
37;12;CL;6
44;12;1;5
52;12;L;0.5
55;12;2;2
58;12;12;7
60;12;L;0.5
63;12;1;5
65;12;2;2
67;12;1;5
76;12;C;5
90;12;2;2
93;12;1;10
99;12;2;2
101;12;1;5
104;12;1L;6
113;12;2;2
124;12;L;0.5
11;13;L;0.5
14;13;L;0.5
21;13;1;5
22;13;L;0.5
40;13;1;5
47;13;1;5
63;13;1;5
81;13;2;4
85;13;1;5
92;13;1;5
104;13;2;2
108;13;2;2
119;13;2;2
127;13;1;5
9;14;2;2
10;14;1;5
13;14;L;0.5
24;14;1;5
50;14;1;5
52;14;1;5
65;14;C;5
72;14;1;5
81;14;2;2
98;14;C2;7
107;14;L;0.5
111;14;2;2
115;14;1;5
1;15;3L;2.5
5;15;2;2
9;15;C12;12
10;15;1;5
11;15;CL;5.5
17;15;C;5
20;15;1;5
23;15;1;5
26;15;1;5
31;15;L;0.5
35;15;23;3
41;15;2;2
52;15;C1L;10.5
54;15;2;2
55;15;3;1
61;15;2;2
64;15;1L;5.5
66;15;12;9
68;15;C;5
71;15;3L;1.5
76;15;2;2
80;15;L;0.5
81;15;2;2
91;15;1;5
99;15;C1;10
103;15;2L;2.5
106;15;CL;5.5
109;15;1;5
112;15;C;5
113;15;CL;5.5
115;15;2;2
119;15;C3;6
120;15;12;7
125;15;1;5
128;15;L;0.5
1;16;1;5
10;16;2;2
17;16;1;5
18;16;1;5
25;16;12;7
32;16;3;1
34;16;1;5
40;16;1;5
59;16;1;5
64;16;1;5
65;16;2;2
68;16;1;5
73;16;1;5
79;16;3;1
82;16;1;5
86;16;12;7
87;16;2;2
89;16;13;6
96;16;1;5
99;16;1L;5.5
102;16;L;0.5
106;16;2;2
108;16;1;5
112;16;1;5
120;16;2;2
3;17;2;2
7;17;2;2
9;17;C2;7
10;17;L;0.5
11;17;C;5
15;17;C;5
16;17;1;5
21;17;L;0.5
22;17;2;2
25;17;3;1
31;17;L;0.5
32;17;L;0.5
37;17;1;5
39;17;L;0.5
40;17;1;10
42;17;L;0.5
44;17;1;5
47;17;2;6
49;17;3;1
52;17;C;5
55;17;L;0.5
57;17;3;1
61;17;1;5
63;17;L;0.5
64;17;2;2
65;17;L;0.5
68;17;C;5
71;17;2L;2.5
73;17;3;1
79;17;3L;1.5
93;17;2;2
99;17;CL;5.5
102;17;2;2
105;17;2;2
106;17;C;5
111;17;L;1
112;17;C;5
113;17;C;5
119;17;C12;12
127;17;L;0.5
16;18;1;5
23;18;1;5
92;18;L;0.5
104;18;1;5
113;18;2;2
126;18;1;5
4;20;2;2
15;20;1;5
31;20;2;2
39;20;1;5
42;20;1;5
55;20;L;0.5
57;20;2;2
59;20;1;5
65;20;2;2
71;20;2;2
79;20;12;7
82;20;3;1
91;20;2;2
98;20;1L;5.5
103;20;1;10
113;20;2;2
115;20;2;2
8;21;C;5
11;21;1;5
13;21;1;5
17;21;L;0.5
27;21;2;2
30;21;1;5
31;21;C;5
33;21;3;1
39;21;C12;14
40;21;C;5
42;21;2;2
47;21;12;7
55;21;1;5
58;21;L;0.5
62;21;2;2
64;21;1;5
67;21;C;5
72;21;1;10
76;21;L;0.5
80;21;C;5
81;21;L;0.5
83;21;1;5
91;21;L;0.5
92;21;1;5
93;21;L;0.5
97;21;2;2
99;21;1;5
107;21;2;2
110;21;1;5
111;21;1;5
112;21;2;2
119;21;1;5
125;21;L;0.5
128;21;L;0.5
5;22;2;2
9;22;1;5
11;22;1;5
13;22;L;0.5
17;22;2;2
25;22;1;5
37;22;1L;5.5
44;22;C;5
49;22;L;0.5
55;22;1;5
58;22;C;5
59;22;1;5
60;22;C;5
62;22;1;5
64;22;1;5
71;22;2;2
78;22;1;5
82;22;CL;5.5
83;22;2;2
96;22;1;5
103;22;1;5
104;22;C1L;10.5
105;22;2;2
106;22;2;4
111;22;2;2
112;22;L;0.5
121;22;C;5
1;23;3;1
10;23;1L;5.5
15;23;1;5
18;23;1;5
31;23;1;5
32;23;L;0.5
35;23;C2;7
47;23;L;0.5
55;23;3;1
57;23;C;5
62;23;3;1
66;23;2;2
72;23;2;2
73;23;C;5
76;23;L;0.5
77;23;C;5
82;23;1;5
85;23;1;5
87;23;C;5
96;23;3;1
97;23;3L;1.5
101;23;C2;7
102;23;1;5
104;23;2;2
106;23;1;5
109;23;C2;7
113;23;L;0.5
115;23;1;5
121;23;L;0.5
126;23;C;5
7;24;C;5
12;24;1;5
14;24;1;5
27;24;C;5
35;24;1;5
39;24;1;5
43;24;2;2
48;24;2;2
50;24;C;5
57;24;2;2
58;24;1;5
72;24;2;2
76;24;2;2
103;24;C;5
117;24;L;0.5
1;25;3;1
5;25;12;7
10;25;2;4
16;25;12;7
17;25;3;1
22;25;1;5
26;25;1;5
32;25;L;0.5
33;25;3;1
43;25;1;5
47;25;L;0.5
49;25;2L;2.5
57;25;2;2
62;25;1L;10.5
72;25;1;5
76;25;1;5
79;25;1;5
81;25;L;0.5
83;25;1;5
90;25;3;1
93;25;1;5
96;25;1;5
97;25;2;2
98;25;2;2
101;25;2;2
103;25;1;5
105;25;2;2
106;25;2L;4.5
109;25;2;2
113;25;2;2
115;25;3;1
121;25;1;5
1;26;2;2
9;26;2;4
10;26;L;0.5
15;26;1;5
25;26;1;5
27;26;1;5
31;26;2;2
32;26;1;5
33;26;C3;6
35;26;1;5
42;26;L;0.5
46;26;1;5
48;26;2;2
49;26;13;6
52;26;2;2
55;26;C2;7
57;26;3L;1.5
58;26;2;2
60;26;L;0.5
62;26;L;0.5
63;26;2;4
71;26;C1;10
78;26;1L;5.5
79;26;1;10
86;26;C1;10
93;26;1;10
98;26;1;5
105;26;C;5
107;26;2;2
113;26;L;0.5
119;26;L;0.5
120;26;C;5
126;26;2;2
127;26;1L;5.5
128;26;1;5
1;27;1;5
4;27;1;5
7;27;C2;7
10;27;2;2
21;27;2;2
24;27;C;5
26;27;1;5
33;27;2;4
39;27;1;5
43;27;1;10
47;27;2;4
50;27;C;5
59;27;1L;5.5
66;27;1;5
78;27;2;2
79;27;1;5
102;27;2;2
103;27;C;5
104;27;1;5
107;27;23;3
115;27;L;0.5
119;27;L;0.5
3;28;L;0.5
10;28;L;0.5
31;28;2;2
36;28;2;2
52;28;L;0.5
59;28;1;5
68;28;2;2
80;28;1;5
90;28;1;5
98;28;L;0.5
107;28;1;5
118;28;1;5
123;28;1;5
128;28;C;5
3;30;C;5
5;30;1;5
9;30;1;5
11;30;1;10
21;30;1;5
47;30;1;5
61;30;C;5
64;30;C;5
65;30;2;2
66;30;C2;7
73;30;2;2
79;30;C;5
89;30;CL;5.5
90;30;1;5
95;30;2;2
111;30;2;2
126;30;1;5
8;31;C;5
11;31;1;5
15;31;L;0.5
17;31;L;0.5
20;31;2;2
21;31;C;5
23;31;1;5
26;31;2;2
28;31;2;2
36;31;L;0.5
37;31;1;5
39;31;C;5
40;31;C;5
42;31;L;0.5
48;31;L;0.5
54;31;L;1
57;31;L;0.5
62;31;2;2
64;31;2;2
66;31;12L;12.5
67;31;C1;10
68;31;1;5
78;31;12;7
79;31;2;2
80;31;C;5
81;31;L;0.5
85;31;L;0.5
91;31;1;5
99;31;1;5
107;31;2;2
120;31;1;5
122;31;2;4
125;31;L;0.5
126;31;1;5
127;31;L;0.5
1;32;L;0.5
5;32;2;2
7;32;3;1
11;32;2;4
12;32;2;2
16;32;3;1
17;32;L;0.5
23;32;L;0.5
25;32;L;0.5
26;32;1;5
35;32;2;2
40;32;L;0.5
43;32;1;5
46;32;C;5
49;32;L;1.5
55;32;L;0.5
57;32;2;2
62;32;23L;3.5
63;32;L;0.5
64;32;3;1
66;32;2;2
67;32;2;2
73;32;3;1
81;32;3;1
87;32;3;1
89;32;L;0.5
95;32;CL;5.5
96;32;2;2
97;32;L;0.5
99;32;3;1
101;32;2;2
103;32;2;2
104;32;2;2
115;32;2L;2.5
120;32;1;5
121;32;L;0.5
128;32;1;5
7;33;2L;2.5
10;33;3;1
11;33;1;5
12;33;2;2
21;33;3;1
25;33;3;1
26;33;C3;6
27;33;2;4
36;33;1;5
40;33;3;1
55;33;C;5
61;33;1;5
62;33;2;2
63;33;L;0.5
64;33;3;1
65;33;L;1
71;33;C;5
73;33;3L;1.5
76;33;L;0.5
78;33;2;2
79;33;3;2
81;33;L;1
82;33;L;0.5
83;33;2;2
85;33;2;2
86;33;C;5
89;33;12;7
96;33;1;5
97;33;L;1
99;33;3;1
103;33;12;7
104;33;L;0.5
105;33;C;5
110;33;3;1
115;33;2;2
119;33;2;2
120;33;C;5
121;33;L;0.5
127;33;L;0.5
10;34;C;5
16;34;1;5
48;34;2;2
49;34;2;2
55;34;1;10
71;34;2;2
72;34;C;5
83;34;2;2
85;34;2;2
90;34;C;5
97;34;12;7
101;34;1;5
103;34;1;5
106;34;L;0.5
108;34;1;5
118;34;C;5
122;34;C;5
3;35;1;5
9;35;1;5
10;35;12;7
11;35;3;1
15;35;23;3
23;35;C2;7
24;35;1;5
26;35;1;5
32;35;2;2
37;35;1;5
42;35;12;7
47;35;L;0.5
49;35;1;5
57;35;CL;5.5
62;35;2;2
63;35;L;0.5
64;35;2;2
66;35;1;5
73;35;C2L;7.5
77;35;C;5
83;35;2;2
87;35;CL;5.5
90;35;12;7
96;35;1;5
101;35;C12;12
105;35;1;5
107;35;L;0.5
109;35;CL;5.5
115;35;1;5
119;35;1;10
126;35;C1;10
127;35;L;0.5
28;36;2;2
31;36;L;0.5
33;36;1;5
40;36;1;5
41;36;1;10
65;36;2;2
78;36;1;5
81;36;2;2
105;36;1;5
107;36;1L;5.5
111;36;1;5
122;36;1;5
126;36;1;5
127;36;2;2
12;37;CL;6
17;37;1;5
22;37;1L;5.5
31;37;1;5
35;37;1;5
54;37;1;5
58;37;L;0.5
61;37;1;5
62;37;1;5
76;37;C2;7
78;37;L;0.5
89;37;1;5
93;37;1;5
99;37;2;2
113;37;2;2
115;37;1;5
124;37;1;5
126;37;2;2
128;37;1;5
4;39;1;5
8;39;C;5
11;39;1;5
17;39;L;0.5
20;39;1;5
21;39;C12;14
24;39;1;5
27;39;1;5
31;39;C;5
40;39;C;5
42;39;2L;2.5
43;39;1;5
44;39;1;5
49;39;2;4
55;39;1;5
62;39;2L;2.5
64;39;2;2
67;39;C;5
68;39;1;5
72;39;2;2
73;39;2;2
76;39;1;5
79;39;1;5
80;39;C1;10
82;39;1;5
87;39;3;1
91;39;L;0.5
93;39;L;0.5
95;39;L;0.5
99;39;1;10
104;39;L;0.5
110;39;1;5
111;39;2;2
119;39;12;7
120;39;L;0.5
1;40;12;7
5;40;3;1
7;40;2;2
8;40;C;5
13;40;1;5
16;40;1;5
17;40;1;10
21;40;C;5
31;40;C;5
32;40;L;0.5
33;40;3;1
36;40;1;5
39;40;C;5
42;40;2;2
49;40;1;5
55;40;1;5
67;40;C2;7
71;40;2;4
76;40;12;12
80;40;C1;10
101;40;1;5
103;40;L;0.5
109;40;1;10
111;40;12;7
128;40;1;10
1;41;C;5
3;41;2;2
5;41;2;2
10;41;1;5
11;41;L;0.5
15;41;2;2
36;41;1;10
42;41;L;0.5
47;41;L;0.5
48;41;1;5
50;41;1L;6
54;41;1;5
55;41;2;2
65;41;2;2
66;41;1;5
76;41;2;2
78;41;2;2
79;41;2;2
84;41;C;5
101;41;L;0.5
103;41;1;5
109;41;1;5
110;41;1;5
115;41;C;5
124;41;1;5
126;41;2;2
127;41;2;2
128;41;2;2
10;42;3;1
17;42;L;0.5
20;42;1;5
21;42;2;2
26;42;L;0.5
31;42;L;0.5
35;42;12;7
39;42;2L;2.5
40;42;2;2
41;42;L;0.5
43;42;2;4
55;42;1;5
57;42;1L;5.5
63;42;C2L;9.5
67;42;1;5
73;42;L;0.5
81;42;23;3
83;42;L;0.5
86;42;L;0.5
89;42;2;2
90;42;3;1
93;42;1L;5.5
98;42;1;5
101;42;3;1
102;42;2;2
104;42;12;7
110;42;C;5
113;42;L;0.5
121;42;L;0.5
124;42;2;2
7;43;L;0.5
10;43;2;2
24;43;2;2
25;43;1;5
27;43;1;10
32;43;1;5
39;43;1;5
42;43;2;4
46;43;L;0.5
58;43;1;5
62;43;1;5
63;43;2;2
66;43;L;0.5
71;43;2;2
78;43;1L;5.5
85;43;1;10
86;43;2;2
90;43;1;5
107;43;12;7
109;43;1L;5.5
121;43;2;2
4;44;2;2
5;44;1;5
7;44;2;2
12;44;1;5
17;44;1;5
22;44;C;5
39;44;1;5
58;44;C;5
60;44;C;5
64;44;L;0.5
67;44;12;7
71;44;1;5
76;44;L;0.5
82;44;C1;10
92;44;1;5
104;44;C;5
112;44;1;5
115;44;2;2
121;44;C;5
26;46;1;5
32;46;C;5
43;46;L;0.5
59;46;L;0.5
72;46;L;0.5
73;46;2;2
77;46;L;0.5
80;46;2;2
86;46;1;5
95;46;C;5
101;46;L;0.5
110;46;1;5
1;47;2;2
3;47;1;5
5;47;2;2
8;47;1;5
10;47;L;0.5
11;47;3;1
13;47;1;5
17;47;2;6
21;47;12;7
23;47;L;0.5
25;47;L;0.5
27;47;2;4
30;47;1;5
35;47;L;0.5
41;47;L;0.5
49;47;3L;1.5
55;47;3L;1.5
61;47;2;2
62;47;L;0.5
63;47;L;0.5
64;47;1;5
65;47;2;4
67;47;2;2
79;47;L;0.5
81;47;1;5
83;47;2;2
92;47;L;0.5
96;47;1;5
97;47;L;0.5
101;47;1;5
104;47;1;5
111;47;13;6
113;47;1;5
119;47;L;0.5
124;47;2;2
127;47;2;4
11;48;L;0.5
24;48;2;2
26;48;2;2
31;48;L;0.5
34;48;2;2
41;48;1;5
54;48;L;0.5
67;48;1;5
80;48;L;0.5
108;48;1;5
124;48;1;5
125;48;1;5
1;49;L;1.5
4;49;2L;2.5
7;49;L;0.5
17;49;3;1
22;49;L;0.5
25;49;2L;2.5
26;49;13;6
32;49;L;1.5
34;49;2;2
35;49;1;5
39;49;2;4
40;49;1;5
47;49;3L;1.5
62;49;2;2
67;49;2;2
68;49;3;1
71;49;1;5
72;49;L;0.5
73;49;L;0.5
76;49;1;5
81;49;L;0.5
82;49;2;4
89;49;L;0.5
90;49;3;1
91;49;2;2
92;49;C;5
93;49;1;5
101;49;2;2
103;49;2;2
105;49;23;3
112;49;2;4
113;49;L;0.5
117;49;C;5
121;49;3L;1.5
122;49;1;5
127;49;L;0.5
7;50;C1;10
14;50;1;5
24;50;C;5
27;50;C;5
41;50;1L;6
58;50;1;10
92;50;L;0.5
103;50;C;5
125;50;2;2
3;52;12;7
9;52;C;5
11;52;C;5
12;52;L;0.5
14;52;1;5
15;52;C1L;10.5
17;52;C;5
26;52;2;2
28;52;L;0.5
57;52;2;2
60;52;1;5
67;52;1;5
68;52;C2;7
71;52;1;5
79;52;L;0.5
80;52;1;5
81;52;2;2
84;52;1;5
99;52;C12;12
101;52;1;5
104;52;2;2
105;52;1;5
106;52;C;5
112;52;C;5
113;52;C;5
119;52;C;5
120;52;1L;5.5
128;52;1;5
1;54;2;2
4;54;1;5
15;54;2;2
31;54;L;1
37;54;1;5
41;54;1;5
48;54;L;0.5
55;54;2;2
66;54;1;5
71;54;1;5
85;54;L;0.5
104;54;1;5
107;54;2;2
111;54;1;5
117;54;L;0.5
3;55;2;2
4;55;L;0.5
5;55;3;1
11;55;L;0.5
12;55;2;2
15;55;3;1
17;55;L;0.5
20;55;L;0.5
21;55;1;5
22;55;1;5
23;55;3;1
26;55;C2;7
32;55;L;0.5
33;55;C;5
34;55;1;10
39;55;1;5
40;55;1;5
41;55;2;2
42;55;1;5
47;55;3L;1.5
54;55;2;2
62;55;3L;1.5
66;55;2;2
67;55;L;0.5
68;55;1;5
71;55;C3;6
79;55;L;1
82;55;2;2
83;55;3;1
86;55;C;5
90;55;1;5
91;55;2;4
96;55;1;5
99;55;2;2
103;55;2;2
105;55;C3;6
108;55;2;2
115;55;2;2
119;55;2;2
120;55;C;5
121;55;L;0.5
127;55;3L;1.5
97;56;C;5
1;57;2L;2.5
3;57;2;2
7;57;1;5
17;57;3;1
20;57;2;2
23;57;C;5
24;57;2;2
25;57;2;2
26;57;3L;1.5
31;57;L;0.5
32;57;2;2
35;57;CL;5.5
42;57;1L;5.5
52;57;2;2
59;57;1;5
63;57;L;0.5
64;57;2;2
68;57;2;2
73;57;CL;6.5
77;57;C;5
80;57;13;6
81;57;1L;10.5
87;57;C1L;11
89;57;L;0.5
91;57;L;0.5
95;57;3;1
97;57;3;1
101;57;C;5
104;57;2;2
106;57;2;2
109;57;C3;6
110;57;2;2
117;57;12;7
119;57;2;2
121;57;2;2
126;57;C2;7
128;57;1;5
3;58;1;5
10;58;2;2
12;58;12;7
21;58;L;0.5
22;58;C;5
24;58;1;5
26;58;2;2
37;58;L;0.5
43;58;1;5
44;58;C;5
50;58;1;10
60;58;C;5
64;58;2;2
71;58;L;0.5
82;58;CL;5.5
104;58;C;5
121;58;C;5
126;58;2;2
128;58;1;5
4;59;1;10
11;59;2;2
16;59;1;5
20;59;1;5
22;59;1;5
27;59;1L;5.5
28;59;1;5
46;59;L;0.5
57;59;1;5
60;59;1;5
62;59;1;5
63;59;2;2
73;59;1;5
86;59;1;5
103;59;2L;2.5
107;59;1;5
112;59;1;10
3;60;1;5
12;60;L;0.5
22;60;C;5
26;60;L;0.5
44;60;C;5
52;60;1;5
58;60;C;5
59;60;1;5
79;60;2;2
82;60;C1;10
83;60;1;5
86;60;2;2
89;60;12;7
93;60;1;10
104;60;C;5
112;60;1;5
118;60;1;5
121;60;C;5
3;61;C;5
4;61;1;5
11;61;1;10
15;61;2;2
17;61;1;5
30;61;C;5
33;61;1;5
37;61;1;5
47;61;2;2
64;61;C;5
65;61;1;5
66;61;C;5
78;61;1;5
79;61;C;5
86;61;1;5
87;61;2;2
89;61;C;5
95;61;L;0.5
103;61;1;5
104;61;1;10
112;61;1;5
1;62;1;5
7;62;1;5
11;62;1;5
21;62;2;2
22;62;1;5
23;62;3;1
25;62;1L;10.5
26;62;L;0.5
31;62;2;2
32;62;23L;3.5
33;62;2;2
35;62;2;2
37;62;1;5
39;62;2L;2.5
43;62;1;5
47;62;L;0.5
49;62;2;2
55;62;3L;1.5
59;62;1;5
63;62;1;5
64;62;L;0.5
65;62;2L;2.5
78;62;2;2
79;62;2;2
80;62;1;10
81;62;L;0.5
83;62;12;7
93;62;C2;7
96;62;1;5
97;62;2;2
101;62;2;2
102;62;C1;10
103;62;2;4
105;62;L;0.5
106;62;1;5
109;62;2;2
115;62;2;2
119;62;1;5
127;62;C;5
3;63;2;2
11;63;1;10
12;63;1;5
13;63;1;5
17;63;L;0.5
26;63;2;4
32;63;L;0.5
33;63;L;0.5
35;63;L;0.5
42;63;C2L;9.5
43;63;2;2
47;63;L;0.5
57;63;L;0.5
59;63;2;2
62;63;1;5
67;63;1;5
71;63;L;0.5
73;63;3;1
79;63;2;4
81;63;1L;5.5
82;63;L;0.5
86;63;L;0.5
87;63;1L;6
89;63;L;0.5
96;63;1;5
98;63;L;0.5
102;63;2;2
107;63;L;0.5
109;63;2;2
110;63;C2L;9.5
111;63;3;2
112;63;2;4
113;63;3;1
120;63;3;1
123;63;1;5
127;63;L;0.5
1;64;L;0.5
3;64;C;5
4;64;1;5
7;64;1L;5.5
10;64;1;5
11;64;L;0.5
15;64;1L;5.5
16;64;1;5
17;64;2;2
21;64;1;5
22;64;1;5
30;64;C;5
31;64;2;2
32;64;3;1
33;64;3;1
35;64;2;2
39;64;2;2
44;64;L;0.5
47;64;1;5
57;64;2;2
58;64;2;2
61;64;C;5
62;64;L;0.5
66;64;CL;5.5
68;64;1;5
72;64;2;2
73;64;1;5
76;64;L;0.5
79;64;C2;7
81;64;1;5
83;64;1;5
89;64;C;5
93;64;2;2
96;64;2;2
99;64;1;5
102;64;1;5
104;64;2;2
112;64;2;2
113;64;3;1
128;64;2;2
1;65;L;1
3;65;1;10
12;65;2;2
14;65;C;5
16;65;2;2
17;65;L;0.5
20;65;2;2
30;65;2;2
33;65;L;1
36;65;2;2
41;65;2;2
47;65;2;4
61;65;1;5
62;65;2L;2.5
67;65;2;2
73;65;3;1
79;65;L;0.5
81;65;L;1
82;65;2;2
87;65;2;2
90;65;L;0.5
97;65;L;0.5
98;65;C;5
99;65;3;1
101;65;3;2
103;65;2;2
107;65;1;5
108;65;1;5
109;65;2;2
110;65;2;2
111;65;3L;1.5
113;65;L;0.5
115;65;L;0.5
117;65;3;1
121;65;L;0.5
122;65;1;5
3;66;C;5
9;66;1;5
15;66;12;9
23;66;2;2
27;66;1;5
30;66;C2;7
31;66;12L;12.5
32;66;2;2
35;66;1;5
41;66;1;5
43;66;L;0.5
54;66;1;5
55;66;2;2
61;66;C;5
64;66;CL;5.5
67;66;1;5
79;66;CL;5.5
80;66;1;5
81;66;2;2
82;66;3;1
87;66;13;6
89;66;C;5
90;66;1;5
92;66;12;7
97;66;1;5
99;66;2;4
103;66;L;0.5
106;66;L;0.5
107;66;L;0.5
111;66;1;5
112;66;1;5
127;66;1;5
3;67;L;0.5
8;67;C;5
12;67;1;5
21;67;C;5
31;67;C1;10
32;67;2;2
39;67;C;5
40;67;C2;7
42;67;1;5
44;67;12;7
47;67;2;2
48;67;1;5
49;67;2;2
52;67;1;5
55;67;L;0.5
63;67;1;5
65;67;2;2
66;67;1;5
79;67;L;0.5
80;67;C1;10
81;67;2;2
83;67;1;5
91;67;1;5
93;67;2;2
102;67;1;5
106;67;2;2
122;67;1;5
127;67;3;1
128;67;1;5
9;68;C;5
11;68;C1;10
15;68;C;5
16;68;1;5
17;68;C;5
28;68;2;2
31;68;1;5
39;68;1;5
49;68;3;1
52;68;C2;7
55;68;1;5
57;68;2;2
64;68;1;5
73;68;1;5
76;68;1;5
78;68;1;5
79;68;1;5
81;68;2;2
82;68;1;5
99;68;C1;10
103;68;1;5
106;68;C;5
109;68;1;5
112;68;C;5
113;68;C;5
117;68;2;2
119;68;C;5
128;68;1;5
1;71;3L;1.5
4;71;1L;5.5
5;71;2;2
7;71;12L;12.5
15;71;3L;1.5
17;71;2L;2.5
20;71;2;2
22;71;2;2
26;71;C1;10
33;71;C;5
34;71;2;2
40;71;2;4
43;71;2;2
44;71;1;5
49;71;1;5
52;71;1;5
54;71;1;5
55;71;C3;6
58;71;L;0.5
63;71;L;0.5
80;71;2;2
81;71;L;0.5
82;71;1;5
85;71;L;0.5
86;71;C;5
87;71;1;5
97;71;L;1
103;71;L;0.5
105;71;CL;5.5
107;71;2;2
110;71;L;0.5
119;71;1;5
120;71;C;5
1;72;1;5
3;72;L;0.5
4;72;1;5
10;72;C;5
11;72;1;5
14;72;1;5
21;72;1;10
23;72;2;2
24;72;2;2
25;72;1;5
34;72;C;5
39;72;2;2
46;72;L;0.5
49;72;L;0.5
64;72;2;2
82;72;2;2
87;72;1;5
90;72;C;5
91;72;1;5
96;72;2;2
97;72;2;2
105;72;2;2
107;72;1;5
115;72;1;5
118;72;C;5
119;72;1;5
120;72;1;5
122;72;C;5
124;72;1;5
126;72;2;2
3;73;2;2
5;73;123;8
9;73;1;5
16;73;1;5
17;73;3;1
23;73;C;5
30;73;2;2
32;73;3;1
33;73;3L;1.5
35;73;C2L;7.5
39;73;2;2
42;73;L;0.5
46;73;2;2
49;73;L;0.5
57;73;CL;6.5
59;73;1;5
63;73;3;1
64;73;1;5
65;73;3;1
68;73;1;5
77;73;C;5
79;73;2L;2.5
81;73;3;1
82;73;1;5
86;73;2;2
87;73;CL;5.5
89;73;2;2
92;73;1;5
95;73;L;0.5
97;73;2;2
99;73;L;0.5
101;73;C;5
106;73;3;1
109;73;C2;7
112;73;L;0.5
119;73;1;5
120;73;2L;2.5
126;73;C;5
3;76;12;7
9;76;1;5
12;76;C;5
15;76;2;2
21;76;L;0.5
23;76;L;0.5
24;76;2;2
25;76;1;5
33;76;L;0.5
37;76;C2;7
39;76;1;5
40;76;12;12
41;76;2;2
44;76;L;0.5
49;76;1;5
64;76;L;0.5
68;76;1;5
77;76;1;5
82;76;1;5
87;76;2;2
90;76;1L;5.5
91;76;1;5
93;76;1;5
102;76;2;2
111;76;L;0.5
124;76;L;0.5
126;76;L;0.5
7;77;1;5
23;77;C;5
35;77;C;5
46;77;L;0.5
57;77;C;5
73;77;C;5
76;77;1;5
79;77;2;2
84;77;2;2
87;77;C1;10
91;77;1;5
93;77;1;5
95;77;2;2
98;77;L;0.5
101;77;C2;7
106;77;1;5
109;77;C;5
118;77;12;12
119;77;1;5
121;77;1;5
126;77;CL;5.5
4;78;1L;5.5
22;78;1;5
26;78;1L;5.5
27;78;2;2
31;78;12;7
33;78;2;2
36;78;1;5
37;78;L;0.5
41;78;2;2
43;78;1L;5.5
61;78;1;5
62;78;2;2
68;78;1;5
79;78;1;5
82;78;1;5
89;78;1;5
97;78;2;4
103;78;1;5
104;78;2;2
105;78;12;7
106;78;1L;5.5
111;78;2;4
121;78;12;7
3;79;C;5
7;79;3;1
10;79;3L;1.5
11;79;L;0.5
16;79;3;1
17;79;3L;1.5
20;79;12;7
25;79;1;5
26;79;1;10
27;79;1;5
30;79;C;5
31;79;2;2
33;79;3;2
39;79;1;5
41;79;2;2
47;79;L;0.5
52;79;L;0.5
55;79;L;1
60;79;2;2
61;79;C;5
62;79;2;2
63;79;2;4
64;79;C2;7
65;79;L;0.5
66;79;CL;5.5
67;79;L;0.5
68;79;1;5
73;79;2L;2.5
77;79;2;2
78;79;1;5
87;79;13L;6.5
89;79;C;5
97;79;1;10
103;79;1;5
105;79;L;0.5
106;79;L;0.5
111;79;3L;1.5
112;79;2L;2.5
113;79;L;0.5
117;79;1;5
119;79;2;4
120;79;2;2
8;80;C;5
9;80;2;2
15;80;L;0.5
21;80;C;5
28;80;1;5
31;80;C;5
39;80;C1;10
40;80;C1;10
46;80;2;2
48;80;L;0.5
52;80;1;5
57;80;13;6
62;80;1;10
66;80;1;5
67;80;C1;10
71;80;2;2
86;80;1;5
95;80;2;2
105;80;2;2
4;81;3;1
13;81;2;4
14;81;2;2
15;81;2;2
21;81;L;0.5
25;81;L;0.5
31;81;L;0.5
32;81;3;1
33;81;L;1
36;81;2;2
42;81;23;3
47;81;1;5
49;81;L;0.5
52;81;2;2
57;81;1L;10.5
62;81;L;0.5
63;81;1L;5.5
64;81;1;5
65;81;L;1
66;81;2;2
67;81;2;2
68;81;2;2
71;81;L;0.5
73;81;3;1
82;81;L;0.5
83;81;2;2
89;81;1;5
93;81;2;2
97;81;3L;1.5
98;81;2;2
99;81;1;5
106;81;13;6
109;81;1;5
112;81;2;2
117;81;1;5
120;81;2L;2.5
121;81;1L;5.5
127;81;3;1
4;82;1;5
16;82;1;5
20;82;3;1
22;82;CL;5.5
23;82;1;5
33;82;L;0.5
39;82;1;5
44;82;C1;10
49;82;2;4
55;82;2;2
58;82;CL;5.5
60;82;C1;10
63;82;L;0.5
65;82;2;2
66;82;3;1
68;82;1;5
71;82;1;5
72;82;2;2
73;82;1;5
76;82;1;5
78;82;1;5
81;82;L;0.5
90;82;1;5
91;82;1;5
93;82;L;0.5
97;82;L;0.5
99;82;2;2
101;82;1;5
103;82;2;2
104;82;C;5
105;82;2;2
107;82;2;2
110;82;1;5
121;82;C1;10
127;82;3;1
3;83;2;2
4;83;L;0.5
5;83;L;0.5
10;83;1;5
11;83;2;2
21;83;1;5
22;83;2;2
25;83;1;5
33;83;2;2
34;83;2;2
35;83;2;2
42;83;L;0.5
47;83;2;2
55;83;3;1
60;83;1;5
62;83;12;7
64;83;1;5
67;83;1;5
81;83;2;2
85;83;1L;5.5
86;83;1;5
87;83;3;1
98;83;1;5
109;83;3;1
113;83;2;2
117;83;L;0.5
119;83;1;5
1;84;C;5
41;84;C;5
52;84;1;5
77;84;2;2
115;84;C;5
7;85;1;5
10;85;1;5
13;85;1;5
23;85;1;5
31;85;L;0.5
33;85;2;2
34;85;2;2
43;85;1;10
54;85;L;0.5
71;85;L;0.5
83;85;1L;5.5
86;85;1;5
87;85;1;5
98;85;L;0.5
107;85;1;5
108;85;2;2
117;85;L;0.5
1;86;2;2
5;86;1;15
11;86;2;2
16;86;12;7
26;86;C1;10
33;86;C;5
42;86;L;0.5
43;86;2;2
46;86;1;5
55;86;C;5
59;86;1;5
60;86;2;2
61;86;1;5
63;86;L;0.5
71;86;C;5
73;86;2;2
80;86;1;5
83;86;1;5
85;86;1;5
89;86;3;1
103;86;1;5
105;86;C;5
110;86;1;5
111;86;2;4
112;86;1;5
117;86;1;5
120;86;C;5
125;86;2;2
127;86;1;5
1;87;L;0.5
7;87;1;5
16;87;2;2
23;87;C;5
32;87;3;1
35;87;CL;5.5
39;87;3;1
57;87;C1L;11
61;87;2;2
63;87;1L;6
65;87;2;2
66;87;13;6
71;87;1;5
72;87;1;5
73;87;CL;5.5
76;87;2;2
77;87;C1;10
79;87;13L;6.5
83;87;3;1
85;87;1;5
89;87;12;9
91;87;2;2
93;87;2;2
101;87;C;5
103;87;2;2
105;87;2;2
106;87;L;0.5
107;87;2;2
109;87;C2;7
113;87;3;1
115;87;3;1
119;87;2;2
120;87;2;2
121;87;1;5
126;87;CL;5.5
3;89;C1;10
4;89;2;2
5;89;12;7
7;89;2;2
9;89;1;5
10;89;2;2
16;89;13;6
30;89;CL;5.5
32;89;L;0.5
33;89;12;7
37;89;1;5
42;89;2;2
49;89;L;0.5
57;89;L;0.5
60;89;12;7
61;89;C;5
63;89;L;0.5
64;89;C;5
66;89;C;5
73;89;2;2
78;89;1;5
79;89;C;5
81;89;1;5
86;89;3;1
87;89;12;9
90;89;2;2
93;89;2;2
95;89;2L;2.5
97;89;3;1
101;89;2;2
103;89;1;5
106;89;L;0.5
109;89;1;5
110;89;1;5
111;89;1;5
119;89;1;10
120;89;1L;5.5
127;89;L;0.5
128;89;2;2
1;90;2L;2.5
3;90;1;5
4;90;1;5
10;90;C;5
12;90;2;2
25;90;3;1
28;90;1;5
30;90;1;5
34;90;C;5
35;90;12;7
42;90;3;1
43;90;1;5
49;90;3;1
55;90;1;5
65;90;L;0.5
66;90;1;5
72;90;C;5
76;90;1L;5.5
82;90;1;5
89;90;2;2
93;90;2;2
97;90;1;5
105;90;1;5
106;90;2;2
107;90;1;5
109;90;12;7
111;90;2;2
113;90;L;0.5
118;90;C;5
122;90;C;5
124;90;2;2
3;91;L;0.5
15;91;1;5
20;91;2;2
21;91;L;0.5
31;91;1;5
39;91;L;0.5
49;91;2;2
55;91;2;4
57;91;L;0.5
67;91;1;5
72;91;1;5
76;91;1;5
77;91;1;5
82;91;1;5
87;91;2;2
101;91;1;5
103;91;1;5
105;91;1;5
111;91;2;2
13;92;1;5
18;92;L;0.5
21;92;1;5
44;92;1;5
47;92;L;0.5
49;92;C;5
50;92;L;0.5
66;92;12;7
73;92;1;5
102;92;1;5
104;92;1;5
115;92;2;2
117;92;C;5
121;92;3;1
11;93;1;5
12;93;1;10
17;93;2;2
21;93;L;0.5
25;93;1;5
26;93;1;10
37;93;1;5
39;93;L;0.5
42;93;1L;5.5
49;93;1;5
60;93;1;10
62;93;C2;7
64;93;2;2
67;93;2;2
76;93;1;5
77;93;1;5
81;93;2;2
82;93;L;0.5
87;93;2;2
89;93;2;2
90;93;2;2
97;93;2;2
98;93;3;1
102;93;C1;10
104;93;1;5
110;93;1;5
112;93;1;5
120;93;2;2
127;93;C;5
10;95;L;1
11;95;1;5
30;95;2;2
32;95;CL;5.5
39;95;L;0.5
46;95;C;5
57;95;3;1
61;95;L;0.5
73;95;L;0.5
77;95;2;2
80;95;2;2
89;95;2L;2.5
111;95;3L;1.5
117;95;1;5
121;95;3;1
16;96;1;5
22;96;1;5
23;96;3;1
25;96;1;5
32;96;2;2
33;96;1;5
35;96;1;5
47;96;1;5
55;96;1;5
62;96;1;5
63;96;1;5
64;96;2;2
72;96;2;2
98;96;2;2
102;96;1;5
104;96;12;7
105;96;1;10
107;96;1;5
110;96;1;5
113;96;2;2
1;97;L;0.5
9;97;L;0.5
11;97;3;1
21;97;2;2
23;97;3L;1.5
25;97;2;2
32;97;L;0.5
33;97;L;1
34;97;12;7
47;97;L;0.5
56;97;C;5
57;97;3;1
62;97;2;2
65;97;L;0.5
66;97;1;5
71;97;L;1
72;97;2;2
73;97;2;2
78;97;2;4
79;97;1;10
81;97;3L;1.5
82;97;L;0.5
89;97;3;1
90;97;1;5
93;97;2;2
99;97;12L;7.5
101;97;2;2
102;97;1;5
108;97;2;2
110;97;2L;2.5
112;97;2;2
113;97;3;1
115;97;2;2
117;97;L;0.5
119;97;2;2
127;97;L;1
1;98;2;2
3;98;1;5
5;98;1;5
14;98;C2;7
20;98;1L;5.5
25;98;2;2
26;98;1;5
28;98;L;0.5
42;98;1;5
63;98;L;0.5
65;98;C;5
77;98;L;0.5
81;98;2;2
83;98;1;5
85;98;L;0.5
93;98;3;1
96;98;2;2
112;98;1;5
113;98;12;7
117;98;1;5
127;98;23;3
1;99;2L;2.5
9;99;C;5
11;99;C;5
12;99;2;2
15;99;C1;10
16;99;1L;5.5
17;99;CL;5.5
21;99;1;5
31;99;1;5
32;99;3;1
33;99;3;1
37;99;2;2
39;99;1;10
52;99;C12;12
55;99;2;2
64;99;1;5
65;99;3;1
66;99;2;4
68;99;C1;10
73;99;L;0.5
81;99;1;5
82;99;2;2
97;99;12L;7.5
103;99;2;2
106;99;C;5
110;99;1;5
111;99;3L;1.5
112;99;C;5
113;99;C12;12
115;99;2;2
117;99;2;2
119;99;C;5
120;99;12;7
127;99;2;2
7;101;2;2
9;101;1;5
10;101;2;2
11;101;2;2
12;101;1;5
23;101;C2;7
25;101;2;2
32;101;2;2
34;101;1;5
35;101;C12;12
40;101;1;5
41;101;L;0.5
42;101;3;1
46;101;L;0.5
47;101;1;5
49;101;2;2
52;101;1;5
57;101;C;5
62;101;2;2
65;101;3;2
73;101;C;5
77;101;C2;7
82;101;1;5
87;101;C;5
89;101;2;2
91;101;1;5
97;101;2;2
109;101;C1;10
115;101;1;5
119;101;1;5
124;101;1;5
126;101;C;5
4;102;1;5
11;102;2;2
16;102;L;0.5
17;102;2;2
23;102;1;5
27;102;2;2
42;102;2;2
62;102;C1;10
63;102;2;2
64;102;1;5
67;102;1;5
76;102;2;2
92;102;1;5
93;102;C1;10
96;102;1;5
97;102;1;5
106;102;L;0.5
109;102;1;5
117;102;1L;5.5
127;102;C;5
1;103;3;1
5;103;L;0.5
7;103;C2;7
11;103;1;5
15;103;2L;2.5
20;103;1;10
22;103;1;5
24;103;C;5
25;103;1;5
27;103;C;5
32;103;2;2
33;103;12;7
34;103;1;5
40;103;L;0.5
41;103;1;5
49;103;2;2
50;103;C;5
55;103;2;2
59;103;2L;2.5
61;103;1;5
62;103;2;4
65;103;2;2
66;103;L;0.5
68;103;1;5
71;103;L;0.5
78;103;1;5
79;103;1;5
82;103;2;2
86;103;1;5
87;103;2;2
89;103;1;5
91;103;1;5
99;103;2;2
108;103;1;5
111;103;L;0.5
119;103;2;2
4;104;12;7
5;104;1;5
10;104;2;4
11;104;3;1
12;104;1L;6
13;104;2;2
18;104;1;5
22;104;C1L;10.5
23;104;2;2
27;104;1;5
32;104;2;2
33;104;L;0.5
39;104;L;0.5
42;104;12;7
44;104;C;5
47;104;1;5
52;104;2;2
54;104;1;5
57;104;2;2
58;104;C;5
60;104;C;5
61;104;1;10
64;104;2;2
78;104;2;2
82;104;C;5
92;104;1;5
93;104;1;5
96;104;12;7
110;104;1;5
119;104;1;5
121;104;C;5
127;104;2;2
1;105;L;1
3;105;L;0.5
4;105;2;2
7;105;2;4
17;105;2;2
22;105;2;2
25;105;2;2
26;105;C;5
33;105;C;5
35;105;1;5
36;105;1;5
49;105;23;3
52;105;1;5
55;105;C3;6
62;105;L;0.5
71;105;CL;5.5
72;105;2;2
78;105;12;7
79;105;L;0.5
80;105;2;2
82;105;2;2
86;105;C;5
87;105;2;2
90;105;1;5
91;105;1;5
96;105;1;10
109;105;L;0.5
115;105;12;7
117;105;2;2
120;105;C12;17
121;105;3;1
126;105;2;2
9;106;C;5
11;106;CL;5.5
15;106;CL;5.5
16;106;2;2
17;106;C;5
22;106;2;4
23;106;1;5
25;106;2L;4.5
34;106;L;0.5
52;106;C;5
57;106;2;2
62;106;1;5
66;106;L;0.5
67;106;2;2
68;106;C;5
73;106;3;1
77;106;1;5
78;106;1L;5.5
79;106;L;0.5
81;106;13;6
87;106;L;0.5
89;106;L;0.5
90;106;2;2
99;106;C;5
102;106;L;0.5
111;106;2;2
112;106;C;5
113;106;C13L;12
115;106;1L;5.5
117;106;2;2
119;106;C1;10
124;106;2;2
5;107;2;2
11;107;1;5
14;107;L;0.5
21;107;2;2
26;107;2;2
27;107;23;3
28;107;1;5
31;107;2;2
35;107;L;0.5
36;107;1L;5.5
43;107;12;7
54;107;2;2
59;107;1;5
63;107;L;0.5
65;107;1;5
66;107;L;0.5
71;107;2;2
72;107;1;5
82;107;2;2
85;107;1;5
87;107;2;2
90;107;1;5
96;107;1;5
111;107;1;5
7;108;1;5
13;108;2;2
16;108;1;5
34;108;1;5
48;108;1;5
55;108;2;2
65;108;1;5
85;108;2;2
97;108;2;2
103;108;1;5
119;108;1;5
7;109;1;5
10;109;12;7
15;109;1;5
23;109;C2;7
25;109;2;2
35;109;CL;5.5
40;109;1;10
41;109;1;5
43;109;1L;5.5
57;109;C3;6
62;109;2;2
63;109;2;2
65;109;2;2
68;109;1;5
73;109;C2;7
77;109;C;5
81;109;1;5
83;109;3;1
87;109;C2;7
89;109;1;5
90;109;12;7
101;109;C1;10
102;109;1;5
105;109;L;0.5
111;109;23;3
119;109;1;5
121;109;2;2
125;109;1;5
126;109;C;5
1;110;3;1
3;110;2;2
5;110;1L;5.5
9;110;2;2
10;110;2;2
11;110;1;5
21;110;1;5
33;110;3;1
39;110;1;5
41;110;1;5
42;110;C;5
46;110;1;5
57;110;2;2
63;110;C2L;9.5
65;110;2;2
71;110;L;0.5
82;110;1;5
86;110;1;5
89;110;1;5
93;110;1;5
96;110;1;5
97;110;2L;2.5
99;110;1;5
104;110;1;5
111;110;2;2
112;110;1;5
113;110;3;1
117;110;2;2
119;110;13;6
120;110;1;5
1;111;L;1
4;111;2;2
5;111;C2L;7.5
14;111;2;2
17;111;L;1
21;111;1;5
22;111;2;2
30;111;2;2
36;111;1;5
39;111;2;2
40;111;12;7
47;111;13;6
54;111;1;5
63;111;3;2
65;111;3L;1.5
66;111;1;5
76;111;L;0.5
78;111;2;4
79;111;3L;1.5
86;111;2;4
89;111;1;5
90;111;2;2
91;111;2;2
95;111;3L;1.5
99;111;3L;1.5
103;111;L;0.5
106;111;2;2
107;111;1;5
109;111;23;3
110;111;2;2
120;111;L;1
125;111;C;5
127;111;L;0.5
128;111;L;0.5
1;112;1;5
7;112;3;1
9;112;C;5
11;112;C;5
15;112;C;5
16;112;1;5
17;112;C;5
21;112;2;2
22;112;L;0.5
44;112;1;5
49;112;2;4
52;112;C;5
59;112;1;10
60;112;1;5
61;112;1;5
63;112;2;4
64;112;2;2
66;112;1;5
68;112;C;5
73;112;L;0.5
79;112;2L;2.5
81;112;2;2
86;112;1;5
93;112;1;5
97;112;2;2
98;112;1;5
99;112;C;5
106;112;C;5
110;112;1;5
113;112;C;5
115;112;1;5
119;112;C;5
120;112;2;6
3;113;1;5
4;113;1;5
5;113;1;5
9;113;C;5
10;113;L;0.5
11;113;C;5
12;113;2;2
15;113;CL;5.5
17;113;C;5
18;113;2;2
20;113;2;2
23;113;L;0.5
25;113;2;2
26;113;L;0.5
37;113;2;2
42;113;L;0.5
47;113;1;5
49;113;L;0.5
52;113;C;5
63;113;3;1
64;113;3;1
65;113;L;0.5
68;113;C;5
79;113;L;0.5
83;113;2;2
87;113;3;1
90;113;L;0.5
96;113;2;2
97;113;3;1
98;113;12;7
99;113;C12;12
106;113;C13L;12
110;113;3;1
112;113;C;5
117;113;1;5
119;113;C;5
127;113;L;1
1;115;CL;5.5
4;115;1;5
14;115;1;5
15;115;2;2
20;115;2;2
23;115;1;5
25;115;3;1
27;115;L;0.5
32;115;2L;2.5
33;115;2;2
35;115;1;5
37;115;1;5
41;115;C;5
44;115;2;2
55;115;2;2
62;115;2;2
65;115;L;0.5
72;115;1;5
84;115;C;5
87;115;3;1
92;115;2;2
97;115;2;2
99;115;2;2
101;115;1;5
105;115;12;7
106;115;1L;5.5
112;115;1;5
119;115;1;5
121;115;2;2
126;115;12;7
127;115;2;2
24;117;L;0.5
49;117;C;5
54;117;L;0.5
57;117;12;7
65;117;3;1
68;117;2;2
79;117;1;5
81;117;1;5
83;117;L;0.5
85;117;L;0.5
86;117;1;5
92;117;C;5
95;117;1;5
97;117;L;0.5
98;117;1;5
99;117;2;2
102;117;1L;5.5
105;117;2;2
106;117;2;2
110;117;2;2
113;117;1;5
121;117;1;5
4;118;2;2
10;118;C;5
28;118;1;5
34;118;C;5
60;118;1;5
72;118;C;5
77;118;12;12
90;118;C;5
122;118;C;5
9;119;C;5
11;119;C;5
13;119;2;2
15;119;C3;6
17;119;C12;12
21;119;1;5
26;119;L;0.5
27;119;L;0.5
33;119;2;2
35;119;1;10
39;119;12;7
47;119;L;0.5
52;119;C;5
55;119;2;2
57;119;2;2
62;119;1;5
68;119;C;5
71;119;1;5
72;119;1;5
73;119;1;5
77;119;1;5
79;119;2;4
83;119;1;5
87;119;2;2
89;119;1;10
97;119;2;2
99;119;C;5
101;119;1;5
103;119;2;2
104;119;1;5
106;119;C1;10
108;119;1;5
109;119;1;5
110;119;13;6
112;119;C;5
113;119;C;5
115;119;1;5
1;120;3;1
3;120;L;0.5
4;120;2;2
7;120;1;5
9;120;1;10
11;120;2;2
15;120;12;7
16;120;2;2
26;120;C;5
31;120;1;5
32;120;1;5
33;120;C;5
39;120;L;0.5
52;120;1L;5.5
55;120;C;5
63;120;3;1
71;120;C;5
72;120;1;5
73;120;2L;2.5
79;120;2;2
81;120;2L;2.5
86;120;C;5
87;120;2;2
89;120;1L;5.5
93;120;2;2
99;120;12;7
105;120;C12;17
110;120;1;5
111;120;L;1
112;120;2;6
126;120;1;5
127;120;3;1
1;121;3;1
4;121;2;2
22;121;C;5
23;121;L;0.5
25;121;1;5
32;121;L;0.5
33;121;L;0.5
42;121;L;0.5
43;121;2;2
44;121;C;5
49;121;3L;1.5
55;121;L;0.5
57;121;2;2
58;121;C;5
60;121;C;5
65;121;L;0.5
77;121;1;5
78;121;12;7
81;121;1L;5.5
82;121;C1;10
87;121;1;5
92;121;3;1
95;121;3;1
104;121;C;5
105;121;3;1
109;121;2;2
115;121;2;2
117;121;1;5
127;121;123L;8.5
10;122;C;5
31;122;2;4
34;122;C;5
36;122;1;5
49;122;1;5
65;122;1;5
67;122;1;5
72;122;C;5
90;122;C;5
118;122;C;5
28;123;1;5
63;123;1;5
4;124;1;5
7;124;1;5
12;124;L;0.5
37;124;1;5
41;124;1;5
42;124;2;2
47;124;2;2
48;124;1;5
72;124;1;5
76;124;L;0.5
90;124;2;2
101;124;1;5
106;124;2;2
5;125;C;5
15;125;1;5
21;125;L;0.5
31;125;L;0.5
48;125;1;5
50;125;2;2
86;125;2;2
109;125;1;5
111;125;C;5
18;126;1;5
23;126;C;5
26;126;2;2
30;126;1;5
31;126;1;5
35;126;C1;10
36;126;1;5
37;126;2;2
41;126;2;2
57;126;C2;7
58;126;2;2
72;126;2;2
73;126;C;5
76;126;L;0.5
77;126;CL;5.5
87;126;CL;5.5
101;126;C;5
105;126;2;2
109;126;C;5
115;126;12;7
120;126;1;5
4;127;2;2
5;127;2;2
7;127;2;2
10;127;L;0.5
13;127;1;5
17;127;L;0.5
26;127;1L;5.5
31;127;L;0.5
33;127;L;0.5
35;127;L;0.5
36;127;2;2
41;127;2;2
47;127;2;4
49;127;L;0.5
55;127;3L;1.5
62;127;C;5
63;127;L;0.5
66;127;1;5
67;127;3;1
81;127;3;1
82;127;3;1
86;127;1;5
89;127;L;0.5
93;127;C;5
97;127;L;1
98;127;23;3
99;127;2;2
102;127;C;5
104;127;2;2
111;127;L;0.5
113;127;L;1
115;127;2;2
120;127;3;1
121;127;123L;8.5
128;127;1;5
1;128;12;7
4;128;1;5
11;128;1;5
15;128;L;0.5
21;128;L;0.5
26;128;1;5
28;128;C;5
32;128;1;5
37;128;1;5
40;128;1;10
41;128;2;2
52;128;1;5
57;128;1;5
58;128;1;5
64;128;2;2
67;128;1;5
68;128;1;5
89;128;2;2
111;128;L;0.5
127;128;1;5
